{
    "fresh_fivem": [
        {
            "email": "vaa077@sweetdoggo.xyz",
            "password": "K!gFqrp0mLo#",
            "used": false
        },
        {
            "email": "vaa078@sweetdoggo.xyz",
            "password": "M34fiT9#v@Q",
            "used": false
        },
        {
            "email": "Email : vaa067@sweetdoggo.xyz",
            "password": "Password : EOiepprd234.",
            "used": false
        },
        {
            "email": "Email : vaa068@sweetdoggo.xyz",
            "password": "Password : _GTjqahh839.#",
            "used": false
        },
        {
            "email": "Email : vaa069@sweetdoggo.xyz",
            "password": "Password : &PRlvdqj0728.#",
            "used": false
        },
        {
            "email": "Email : vaa070@sweetdoggo.xyz",
            "password": "Password : _RNgkdsl9032.#",
            "used": false
        },
        {
            "email": "Email : vaa071@sweetdoggo.xyz",
            "password": "Password : lzFhg53%@lD",
            "used": false
        },
        {
            "email": "Email : vaa072@sweetdoggo.xyz",
            "password": "Password : XdE@74gfbV!",
            "used": false
        },
        {
            "email": "Email : vaa073@sweetdoggo.xyz",
            "password": "Password : qWl@Vds984_",
            "used": false
        },
        {
            "email": "Email : vaa074@sweetdoggo.xyz",
            "password": "Password : 8rU!oAb9bRt@",
            "used": false
        },
        {
            "email": "Email : vaa075@sweetdoggo.xyz",
            "password": "Password : ~_Fm72WtiQJk",
            "used": false
        },
        {
            "email": "Email : vaa076@sweetdoggo.xyz",
            "password": "Password : Nj@1fY!zjV22",
            "used": false
        },
        {
            "email": "Email : vaa077@sweetdoggo.xyz",
            "password": "Password : K!gFqrp0mLo#",
            "used": false
        },
        {
            "email": "Email : vaa078@sweetdoggo.xyz",
            "password": "Password : M34fiT9#v@Q",
            "used": false
        },
        {
            "email": "Email : vaa079@sweetdoggo.xyz",
            "password": "Password : 2PmXHfj89Z&@",
            "used": false
        },
        {
            "email": "Email : vaa080@sweetdoggo.xyz",
            "password": "Password : !@bFdEp21gv",
            "used": false
        },
        {
            "email": "Email : vaa081@sweetdoggo.xyz",
            "password": "Password : Z!Rj0Hpm3bF@",
            "used": false
        },
        {
            "email": "Email : vaa082@sweetdoggo.xyz",
            "password": "Password : 5TdQw&K9pVJ@",
            "used": false
        },
        {
            "email": "Email : vaa083@sweetdoggo.xyz",
            "password": "Password : c9HRa@2PdsLz",
            "used": false
        },
        {
            "email": "Email : vaa084@sweetdoggo.xyz",
            "password": "Password : xA0wQuF2vD@1",
            "used": false
        },
        {
            "email": "Email : vaa085@sweetdoggo.xyz",
            "password": "Password : i5b@ZvFk34&",
            "used": false
        },
        {
            "email": "Email : vaa086@sweetdoggo.xyz",
            "password": "Password : o2TdnC!8zL9",
            "used": false
        },
        {
            "email": "Email : vaa087@sweetdoggo.xyz",
            "password": "Password : bT5mWuPlG#k",
            "used": false
        },
        {
            "email": "Email : vaa088@sweetdoggo.xyz",
            "password": "Password : #FzVmH18yB@0",
            "used": false
        },
        {
            "email": "Email : vaa089@sweetdoggo.xyz",
            "password": "Password : Rw4p@QoV9hI",
            "used": false
        },
        {
            "email": "Email : vaa090@sweetdoggo.xyz",
            "password": "Password : L@3gZpx1FvN9",
            "used": false
        },
        {
            "email": "Email : vaa091@sweetdoggo.xyz",
            "password": "Password : $MjQe8Zk!2c",
            "used": false
        }
    ],
    "keyser_spoofer": [
        {
            "key": "key1",
            "used": true
        },
        {
            "key": "key2",
            "used": true
        },
        {
            "key": "Key LIFETIME-87ZLRI-G8LZ2U-4NREB7-VA425U",
            "used": true
        },
        {
            "key": "Key LIFETIME-87ZLRI-G8LZ2U-4NREB7-VA425U\n\nKey LIFETIME-87ZLRI-G8LZ2U-4NREB7-VA425U\n\nKey LIFETIME-87ZLRI-G8LZ2U-4NREB7-VA425U\n\nKey LIFETIME-87ZLRI-G8LZ2U-4NREB7-VA425U\n\nKey LIFETIME-87ZLRI-G8LZ2U-4NREB7-VA425U",
            "used": true
        },
        {
            "key": "LIFETIME-87ZLRI-G8LZ2U-4NREB7-VA425U",
            "used": true
        },
        {
            "key": "LIFETIME-87ZLRI-G8LZ2U-4NREB7-VA425U",
            "used": true
        },
        {
            "key": "LIFETIME-87ZLRI-G8LZ2U-4NREB7-VA425U",
            "used": true
        },
        {
            "key": "LIFETIME-87ZLRI-G8LZ2U-4NREB7-VA425U",
            "used": true
        },
        {
            "key": "",
            "used": true
        },
        {
            "key": "LIFETIME-87ZLRI-G8LZ2U-4NREB7-VA425U",
            "used": true
        },
        {
            "key": "",
            "used": false
        },
        {
            "key": "LIFETIME-87ZLRI-G8LZ2U-4NREB7-VA425U",
            "used": false
        }
    ],
    "nitro_basic": [
        {
            "key": "key1",
            "used": false
        },
        {
            "key": "key2",
            "used": false
        }
    ],
    "nitro_boost": [
        {
            "key": "key1",
            "used": false
        },
        {
            "key": "key2",
            "used": true
        },
        {
            "key": "https://discord.com/billing/promotions/x8JDNcSsvwcDSrMpCxMP6mB3",
            "used": false
        },
        {
            "key": "http://discord.gift/t1NKrrYupDe9rHb7",
            "used": false
        },
        {
            "key": "http://discord.gift/AF8rk4boSdfJ7qmB",
            "used": false
        },
        {
            "key": "http://discord.gift/Z9SFsuZ0U88ts0f6",
            "used": false
        },
        {
            "key": "http://discord.gift/7WEUdxPmckNSmpN8",
            "used": false
        },
        {
            "key": "http://discord.gift/lD1sh1z02yyp88sQ",
            "used": false
        },
        {
            "key": "http://discord.gift/dvTRMpZlNbelFkjU",
            "used": false
        },
        {
            "key": "http://discord.gift/qVBwozqw23PWHikk",
            "used": false
        },
        {
            "key": "http://discord.gift/2wN482TX6ICWBeZd",
            "used": false
        },
        {
            "key": "http://discord.gift/ksYa2EwCB0StQ1i7",
            "used": false
        },
        {
            "key": "http://discord.gift/2UM46c97FxqFntTT",
            "used": false
        },
        {
            "key": "http://discord.gift/AjMAIiXPvlCdfrjZ",
            "used": false
        }
    ]
}